,Term ID,Term Name,Term Database,P-value,FDR,Fold Enrichment,Overlap Count,Total Term Genes (Human),Overlapping Genes,Full Term Gene List,subfamily_name,class_name
13,GO:0005132,type I interferon receptor binding,MF,1.3012360369015072e-27,2.4392970747755654e-23,229.29255319148936,12,16,"['IFNA1', 'IFNA10', 'IFNA14', 'IFNA16', 'IFNA17', 'IFNA2', 'IFNA21', 'IFNA4', 'IFNA5', 'IFNA6', 'IFNA7', 'IFNA8']","['IFNA1', 'IFNA10', 'IFNA14', 'IFNA16', 'IFNA17', 'IFNA2', 'IFNA21', 'IFNA4', 'IFNA5', 'IFNA6', 'IFNA7', 'IFNA8', 'IFNB1', 'IFNE', 'IFNK', 'IFNW1']",MER106B,DNA
0,GO:0002312,B cell activation involved in immune response,BP,4.412544086626327e-27,4.135877572394856e-23,215.80475594493114,12,17,"['IFNA1', 'IFNA10', 'IFNA14', 'IFNA16', 'IFNA17', 'IFNA2', 'IFNA21', 'IFNA4', 'IFNA5', 'IFNA6', 'IFNA7', 'IFNA8']","['GPR183', 'IFNA1', 'IFNA10', 'IFNA14', 'IFNA16', 'IFNA17', 'IFNA2', 'IFNA21', 'IFNA4', 'IFNA5', 'IFNA6', 'IFNA7', 'IFNA8', 'IFNB1', 'IFNE', 'IFNK', 'IFNW1']",MER106B,DNA
1,GO:0002323,natural killer cell activation involved in immune response,BP,1.3202748530605615e-26,8.249957465157762e-23,203.8156028368794,12,18,"['IFNA1', 'IFNA10', 'IFNA14', 'IFNA16', 'IFNA17', 'IFNA2', 'IFNA21', 'IFNA4', 'IFNA5', 'IFNA6', 'IFNA7', 'IFNA8']","['CD244', 'IFNA1', 'IFNA10', 'IFNA14', 'IFNA16', 'IFNA17', 'IFNA2', 'IFNA21', 'IFNA4', 'IFNA5', 'IFNA6', 'IFNA7', 'IFNA8', 'IFNB1', 'IFNE', 'IFNK', 'IFNW1', 'IL12B']",MER106B,DNA
2,GO:0002286,T cell activation involved in immune response,BP,9.489961469130983e-25,4.447470442508235e-21,159.5078630897317,12,23,"['IFNA1', 'IFNA10', 'IFNA14', 'IFNA16', 'IFNA17', 'IFNA2', 'IFNA21', 'IFNA4', 'IFNA5', 'IFNA6', 'IFNA7', 'IFNA8']","['CD1C', 'CD74', 'EIF2AK4', 'F2RL1', 'IFNA1', 'IFNA10', 'IFNA14', 'IFNA16', 'IFNA17', 'IFNA2', 'IFNA21', 'IFNA4', 'IFNA5', 'IFNA6', 'IFNA7', 'IFNA8', 'IFNB1', 'IFNE', 'IFNK', 'IFNW1', 'LCP1', 'MDK', 'PSEN1']",MER106B,DNA
14,GO:0005126,cytokine receptor binding,MF,1.5475956993479108e-22,5.802245795995187e-19,114.64627659574468,12,32,"['IFNA1', 'IFNA10', 'IFNA14', 'IFNA16', 'IFNA17', 'IFNA2', 'IFNA21', 'IFNA4', 'IFNA5', 'IFNA6', 'IFNA7', 'IFNA8']","['CISH', 'DDT', 'IFNA1', 'IFNA10', 'IFNA14', 'IFNA16', 'IFNA17', 'IFNA2', 'IFNA21', 'IFNA4', 'IFNA5', 'IFNA6', 'IFNA7', 'IFNA8', 'IFNB1', 'IFNE', 'IFNK', 'IFNW1', 'IL12B', 'IL13', 'IL15', 'IL17F', 'IL21', 'IL31', 'IL4', 'IL7', 'IL9', 'MIF', 'MYD88', 'SOCS1', 'SOCS2', 'SOCS3']",MER106B,DNA
3,GO:0043330,response to exogenous dsRNA,BP,3.738659266685255e-22,1.1680817768880299e-18,107.90237797246557,12,34,"['IFNA1', 'IFNA10', 'IFNA14', 'IFNA16', 'IFNA17', 'IFNA2', 'IFNA21', 'IFNA4', 'IFNA5', 'IFNA6', 'IFNA7', 'IFNA8']","['CARD9', 'DDX1', 'DDX21', 'DHX36', 'IFNA1', 'IFNA10', 'IFNA14', 'IFNA16', 'IFNA17', 'IFNA2', 'IFNA21', 'IFNA4', 'IFNA5', 'IFNA6', 'IFNA7', 'IFNA8', 'IFNB1', 'IFNE', 'IFNK', 'IFNW1', 'IRAK3', 'IRF3', 'KCNJ8', 'MAPK1', 'MAPK3', 'NFKBIA', 'RFTN1', 'RFTN2', 'RIGI', 'RIPK2', 'SLC22A4', 'SLC3A2', 'TICAM1', 'TLR3']",MER106B,DNA
4,GO:0060337,type I interferon-mediated signaling pathway,BP,6.046299343854385e-20,1.6191989642842041e-16,74.87103777681284,12,49,"['IFNA1', 'IFNA10', 'IFNA14', 'IFNA16', 'IFNA17', 'IFNA2', 'IFNA21', 'IFNA4', 'IFNA5', 'IFNA6', 'IFNA7', 'IFNA8']","['AZI2', 'CR2', 'GPR108', 'HDAC4', 'IFI27', 'IFIH1', 'IFITM1', 'IFITM2', 'IFITM3', 'IFNA1', 'IFNA10', 'IFNA14', 'IFNA16', 'IFNA17', 'IFNA2', 'IFNA21', 'IFNA4', 'IFNA5', 'IFNA6', 'IFNA7', 'IFNA8', 'IFNAR1', 'IFNAR2', 'IFNB1', 'IFNE', 'IFNK', 'IFNW1', 'IKBKE', 'IRAK1', 'IRF3', 'IRF7', 'JAK1', 'MAVS', 'MYD88', 'OAS1', 'OAS2', 'OAS3', 'OASL', 'SIN3A', 'SP100', 'STAT1', 'STAT2', 'TANK', 'TBK1', 'TBKBP1', 'TRAF3', 'TREX1', 'TRIM65', 'TYK2']",MER106B,DNA
5,GO:0098586,cellular response to virus,BP,3.834858041730959e-19,8.98603110628607e-16,50.953900709219866,13,78,"['IFNA1', 'IFNA10', 'IFNA14', 'IFNA16', 'IFNA17', 'IFNA2', 'IFNA21', 'IFNA4', 'IFNA5', 'IFNA6', 'IFNA7', 'IFNA8', 'MMP12']","['ADAR', 'ARF1', 'ATF2', 'BAX', 'CALR', 'CCL19', 'CCL5', 'CHUK', 'CXCL10', 'DDX3X', 'EIF5A', 'EXT1', 'FMR1', 'GBF1', 'GLI2', 'GSDME', 'HIF1A', 'HSP90AA1', 'IFI44', 'IFI6', 'IFIH1', 'IFNA1', 'IFNA10', 'IFNA14', 'IFNA16', 'IFNA17', 'IFNA2', 'IFNA21', 'IFNA4', 'IFNA5', 'IFNA6', 'IFNA7', 'IFNA8', 'IFNAR1', 'IFNAR2', 'IFNB1', 'IFNE', 'IFNG', 'IFNGR1', 'IFNGR2', 'IFNK', 'IFNL1', 'IFNL2', 'IFNL3', 'IFNL4', 'IFNLR1', 'IFNW1', 'IKBKE', 'IL10RB', 'IL12A', 'IL21', 'IL6', 'IRF3', 'IRF5', 'IRGM', 'LGALS8', 'LGALS9', 'MAPK11', 'MAPK14', 'MMP12', 'NFKB1', 'NLRP3', 'OAS1', 'PENK', 'POU2AF1', 'POU2F2', 'PYDC5', 'RIOK3', 'RRP1B', 'SMAD3', 'TGFB1', 'TLR3', 'TLR7', 'TOMM70', 'TRIM6', 'VWCE', 'WDFY4', 'ZC3H12A']",MER106B,DNA
6,GO:0006959,humoral immune response,BP,5.706946193908523e-19,1.1886934816778797e-15,63.25311812179016,12,58,"['IFNA1', 'IFNA10', 'IFNA14', 'IFNA16', 'IFNA17', 'IFNA2', 'IFNA21', 'IFNA4', 'IFNA5', 'IFNA6', 'IFNA7', 'IFNA8']","['AIRE', 'ALOX5', 'BCL2', 'BLNK', 'BMI1', 'BST1', 'CCL2', 'CCR2', 'CCR6', 'CD28', 'CD83', 'EBI3', 'FOXJ1', 'GATA3', 'GPI', 'GPR183', 'HLA-DQB1', 'HLA-DRB1', 'IFNA1', 'IFNA10', 'IFNA14', 'IFNA16', 'IFNA17', 'IFNA2', 'IFNA21', 'IFNA4', 'IFNA5', 'IFNA6', 'IFNA7', 'IFNA8', 'IFNB1', 'IFNE', 'IFNG', 'IFNK', 'IFNW1', 'IL6', 'IL7', 'JCHAIN', 'LTA', 'LTF', 'MEF2C', 'MS4A1', 'NOTCH1', 'NOTCH2', 'PDCD1', 'POU2AF1', 'POU2F2', 'PSMB10', 'RBPJ', 'SH2D1A', 'TFE3', 'TFEB', 'TNF', 'TNFRSF21', 'TRAF3IP2', 'TREM1', 'TREM2', 'YTHDF2']",MER106B,DNA
7,GO:0006952,defense response,BP,9.191853067354548e-15,1.6205319500526143e-11,24.087298517085753,13,165,"['CXCL9', 'IFNA1', 'IFNA10', 'IFNA14', 'IFNA16', 'IFNA17', 'IFNA2', 'IFNA21', 'IFNA4', 'IFNA5', 'IFNA6', 'IFNA7', 'IFNA8']","['ACKR1', 'ACOD1', 'CAMLG', 'CAMP', 'CCR5', 'CD40', 'CD48', 'CD74', 'CD83', 'CD84', 'CEBPE', 'CLEC1B', 'COLEC12', 'CRISP3', 'CSF3R', 'CST3', 'CX3CL1', 'CXCL1', 'CXCL10', 'CXCL11', 'CXCL12', 'CXCL13', 'CXCL2', 'CXCL3', 'CXCL5', 'CXCL6', 'CXCL8', 'CXCL9', 'CYBB', 'CYSLTR1', 'DEFA1', 'DEFA3', 'DEFA4', 'DEFA5', 'DEFA6', 'DEFB1', 'DEFB103A', 'DEFB104A', 'DEFB105A', 'DEFB106A', 'DEFB107A', 'DEFB108B', 'DEFB109B', 'DEFB110', 'DEFB112', 'DEFB113', 'DEFB114', 'DEFB115', 'DEFB116', 'DEFB118', 'DEFB119', 'DEFB121', 'DEFB123', 'DEFB124', 'DEFB125', 'DEFB126', 'DEFB127', 'DEFB128', 'DEFB129', 'DEFB130B', 'DEFB131A', 'DEFB131B', 'DEFB132', 'DEFB134', 'DEFB135', 'DEFB136', 'DEFB4A', 'DUOX1', 'DUOX2', 'FADD', 'FCGR2B', 'FOXN1', 'GATA3', 'HLA-B', 'HP', 'ICOSLG', 'IFNA1', 'IFNA10', 'IFNA14', 'IFNA16', 'IFNA17', 'IFNA2', 'IFNA21', 'IFNA4', 'IFNA5', 'IFNA6', 'IFNA7', 'IFNA8', 'IFNB1', 'IFNE', 'IFNGR1', 'IFNK', 'IFNW1', 'IL17RB', 'IL1RL2', 'IL21', 'IL31RA', 'IL32', 'INHBA', 'INHBB', 'KCNN4', 'KLRK1', 'LILRA1', 'LILRA2', 'LILRB3', 'LILRB5', 'LSP1', 'MALT1', 'MFHAS1', 'MICU1', 'MPO', 'MST1R', 'MX1', 'MX2', 'NLRP3', 'NOD1', 'NOD2', 'NOX1', 'NOX3', 'NOX4', 'NOX5', 'OAS1', 'OAS2', 'OAS3', 'OASL', 'OR2H2', 'P2RY11', 'PF4', 'PF4V1', 'PPBP', 'PSG3', 'PTPRCAP', 'PYDC1', 'RELA', 'RNASE6', 'SOCS6', 'SP100', 'SP140', 'SP140L', 'SPAG11A', 'SPAG11B', 'SSC5D', 'STAT1', 'STAT2', 'STAT3', 'STAT4', 'STAT5A', 'STAT5B', 'STAT6', 'TAP1', 'TAP2', 'TBK1', 'TIAL1', 'TLR1', 'TLR3', 'TLR4', 'TLR7', 'TLR8', 'TLR9', 'TNF', 'TNFRSF1A', 'TNIP1', 'TPSAB1', 'TYROBP', 'WAS']",MER106B,DNA
8,GO:0002250,adaptive immune response,BP,9.509149392179001e-15,1.6205319500526143e-11,20.189281413087112,14,212,"['ADGRE1', 'CX3CR1', 'IFNA1', 'IFNA10', 'IFNA14', 'IFNA16', 'IFNA17', 'IFNA2', 'IFNA21', 'IFNA4', 'IFNA5', 'IFNA6', 'IFNA7', 'IFNA8']","['ADGRE1', 'AKIRIN2', 'ALCAM', 'ANXA1', 'ARG1', 'ARG2', 'BCL10', 'BMX', 'BTK', 'BTLA', 'BTN3A1', 'BTN3A2', 'BTN3A3', 'BTNL8', 'C17orf99', 'C1QBP', 'CAMK4', 'CARD9', 'CD160', 'CD19', 'CD1A', 'CD1B', 'CD1C', 'CD1E', 'CD209', 'CD244', 'CD247', 'CD274', 'CD3D', 'CD3E', 'CD3G', 'CD4', 'CD46', 'CD6', 'CD7', 'CD74', 'CD79A', 'CD79B', 'CD81', 'CD84', 'CD86', 'CD8A', 'CD8B', 'CD8B2', 'CLEC10A', 'CLEC4A', 'CLEC4C', 'CLEC4D', 'CLEC4M', 'CLEC6A', 'CRACR2A', 'CRTAM', 'CSK', 'CTLA4', 'CTNNBL1', 'CTSH', 'CTSL', 'CTSS', 'CX3CR1', 'DBNL', 'DCLRE1C', 'EIF2AK4', 'EOMES', 'ERAP1', 'ERAP2', 'FBXO38', 'FCAMR', 'FCGR1BP', 'FCRL4', 'FGA', 'FGB', 'FGL1', 'FYN', 'GPR183', 'HAVCR2', 'HLA-A', 'HLA-B', 'HLA-C', 'HLA-DMA', 'HLA-DMB', 'HLA-DOA', 'HLA-DOB', 'HLA-DPA1', 'HLA-DPB1', 'HLA-DQA1', 'HLA-DQA2', 'HLA-DQB1', 'HLA-DQB2', 'HLA-DRA', 'HLA-DRB1', 'HLA-DRB3', 'HLA-E', 'HMGB1', 'HMHB1', 'ICOSLG', 'IFNA1', 'IFNA10', 'IFNA14', 'IFNA16', 'IFNA17', 'IFNA2', 'IFNA21', 'IFNA4', 'IFNA5', 'IFNA6', 'IFNA7', 'IFNA8', 'IFNB1', 'IFNE', 'IFNG', 'IFNK', 'IFNW1', 'IGHV1OR15-1', 'IL17A', 'IL17F', 'IL17RA', 'IL18R1', 'IL2', 'IL4I1', 'ITK', 'JAK2', 'JAK3', 'JAM3', 'JCHAIN', 'KCNJ8', 'KLRC1', 'KLRD1', 'KLRK1', 'LAG3', 'LAIR1', 'LAMP3', 'LAT', 'LAT2', 'LAX1', 'LILRA1', 'LILRA3', 'LILRB1', 'LILRB2', 'LILRB3', 'LILRB4', 'LILRB5', 'LIME1', 'LY9', 'LYN', 'MARCHF8', 'MCOLN1', 'MCOLN2', 'MICA', 'MICB', 'MPEG1', 'MYO1G', 'NEDD4', 'NFKBIZ', 'NLRP10', 'NOD2', 'ORAI1', 'OTUB1', 'OTUD7B', 'PAG1', 'PDCD1', 'PDCD1LG2', 'PDIA3', 'PIK3CD', 'PIK3CG', 'PRDM1', 'PRKCB', 'PRKD2', 'PRR7', 'PTK2B', 'RAG1', 'RAP1GAP', 'RAP1GAP2', 'RAPGEF3', 'RAPGEF4', 'RIPK2', 'RNF125', 'RNF19B', 'SEMA4A', 'SH2D1A', 'SH2D1B', 'SIGLEC10', 'SIPA1', 'SIT1', 'SKAP1', 'SLAMF1', 'SLAMF6', 'SLAMF7', 'SYK', 'TAP1', 'TAP2', 'TARM1', 'TEC', 'TFE3', 'TFEB', 'THEMIS', 'TNFRSF11A', 'TNFRSF13B', 'TNFRSF13C', 'TNFRSF14', 'TNFRSF17', 'TNFRSF21', 'TNFSF18', 'TRAT1', 'TREM1', 'TREX1', 'TRPM4', 'TSC1', 'TXK', 'UNC93B1', 'VTCN1', 'ZAP70', 'ZNF683']",MER106B,DNA
9,GO:0051607,defense response to virus,BP,5.287702067828446e-14,8.260271913626004e-11,17.83386524822695,14,240,"['CXCL9', 'IFNA1', 'IFNA10', 'IFNA14', 'IFNA16', 'IFNA17', 'IFNA2', 'IFNA21', 'IFNA4', 'IFNA5', 'IFNA6', 'IFNA7', 'IFNA8', 'NDUFAF4']","['ABCC9', 'ABCF3', 'ACOD1', 'ADAR', 'ADARB1', 'AGBL4', 'AGBL5', 'AICDA', 'AIM2', 'APOBEC3A', 'APOBEC3B', 'APOBEC3C', 'APOBEC3D', 'APOBEC3F', 'APOBEC3G', 'APOBEC3H', 'ARMC5', 'ATG14', 'ATG16L1', 'ATG5', 'ATG7', 'AZI2', 'AZU1', 'BCL2', 'BCL2L1', 'BECN1', 'BNIP3', 'BNIP3L', 'BPIFA1', 'BST2', 'CARD8', 'CARD9', 'CASP1', 'CD207', 'CD40', 'CGAS', 'CNOT7', 'CRCP', 'CXADR', 'CXCL10', 'CXCL9', 'DDIT4', 'DDX1', 'DDX17', 'DDX21', 'DDX41', 'DDX56', 'DDX60', 'DDX60L', 'DEFA1', 'DEFA3', 'DHX15', 'DHX36', 'DHX58', 'DMBT1', 'DNAJC3', 'DTX3L', 'EIF2AK2', 'EIF2AK4', 'ELMOD2', 'EPG5', 'EXOC1', 'EXOSC4', 'EXOSC5', 'F2RL1', 'FADD', 'FCN3', 'G3BP1', 'GARIN5A', 'GBP1', 'GBP2', 'GBP3', 'GBP5', 'GBP7', 'GPAM', 'GPR108', 'GPR146', 'HERC5', 'HYAL2', 'IFI16', 'IFI27', 'IFI44L', 'IFI6', 'IFIH1', 'IFIT1', 'IFIT2', 'IFIT3', 'IFIT5', 'IFITM1', 'IFITM2', 'IFITM3', 'IFNA1', 'IFNA10', 'IFNA14', 'IFNA16', 'IFNA17', 'IFNA2', 'IFNA21', 'IFNA4', 'IFNA5', 'IFNA6', 'IFNA7', 'IFNA8', 'IFNAR2', 'IFNB1', 'IFNE', 'IFNG', 'IFNGR1', 'IFNGR2', 'IFNK', 'IFNL1', 'IFNL2', 'IFNL3', 'IFNL4', 'IFNLR1', 'IFNW1', 'IKBKE', 'IL10RB', 'IL12B', 'IL21', 'IL23A', 'IL33', 'IL6', 'ILF3', 'IRF1', 'IRF2', 'IRF3', 'IRF5', 'IRF7', 'IRF9', 'ISG15', 'ISG20', 'ITCH', 'ITGAX', 'KCNJ8', 'LILRB1', 'LSM14A', 'LYST', 'MAP3K14', 'MAVS', 'MICA', 'MLKL', 'MOV10', 'MX1', 'MX2', 'MYD88', 'NCBP1', 'NCBP3', 'NDUFAF4', 'NFKBIZ', 'NLRC5', 'NLRP1', 'NLRP6', 'NLRP9', 'NT5C3A', 'OAS1', 'OAS2', 'OAS3', 'OASL', 'OPRK1', 'PARP9', 'PCBP2', 'PDE12', 'PLSCR1', 'PMAIP1', 'PML', 'POLR3A', 'POLR3B', 'POLR3C', 'POLR3D', 'POLR3E', 'POLR3F', 'POLR3G', 'POLR3H', 'POLR3K', 'PPARA', 'PQBP1', 'PRF1', 'PTPRC', 'PYCARD', 'RAB2B', 'RB1CC1', 'RELA', 'RIGI', 'RIOK3', 'RIPK3', 'RNASE1', 'RNASE2', 'RNASE6', 'RNASEL', 'RNF185', 'RSAD2', 'RTP4', 'SAMHD1', 'SERINC3', 'SERINC5', 'SETD2', 'SHFL', 'SKP2', 'SLFN11', 'SLFN13', 'SPON2', 'STAT1', 'STAT2', 'STING1', 'TANK', 'TBK1', 'TBKBP1', 'TICAM1', 'TLR2', 'TLR3', 'TLR7', 'TLR8', 'TLR9', 'TRAF3', 'TREX1', 'TRIM11', 'TRIM22', 'TRIM25', 'TRIM31', 'TRIM34', 'TRIM41', 'TRIM5', 'TRIM52', 'TRIM56', 'TRIM7', 'TTC4', 'UBL7', 'UNC13D', 'UNC93B1', 'USP27X', 'USP29', 'VAMP8', 'ZBP1', 'ZC3H12A', 'ZC3HAV1', 'ZCCHC3', 'ZMYND11', 'ZNF175', 'ZNFX1']",MER106B,DNA
15,GO:0005125,cytokine activity,MF,9.2766870992242e-13,1.3376982797081298e-09,16.840695997115038,13,236,"['CXCL9', 'IFNA1', 'IFNA10', 'IFNA14', 'IFNA16', 'IFNA17', 'IFNA2', 'IFNA21', 'IFNA4', 'IFNA5', 'IFNA6', 'IFNA7', 'IFNA8']","['ADIPOQ', 'AIMP1', 'ALKAL1', 'ALKAL2', 'AREG', 'BMP1', 'BMP10', 'BMP15', 'BMP2', 'BMP3', 'BMP4', 'BMP5', 'BMP6', 'BMP7', 'BMP8A', 'BMP8B', 'C17orf99', 'C1QTNF4', 'CCL1', 'CCL11', 'CCL13', 'CCL14', 'CCL15', 'CCL16', 'CCL17', 'CCL18', 'CCL19', 'CCL2', 'CCL20', 'CCL21', 'CCL22', 'CCL23', 'CCL24', 'CCL25', 'CCL26', 'CCL27', 'CCL28', 'CCL3', 'CCL3L1', 'CCL4', 'CCL4L1', 'CCL5', 'CCL7', 'CCL8', 'CD40LG', 'CER1', 'CKLF', 'CLCF1', 'CMTM1', 'CMTM2', 'CMTM3', 'CMTM5', 'CMTM7', 'CMTM8', 'CNTF', 'CRLF1', 'CSF1', 'CSF2', 'CSF3', 'CTF1', 'CX3CL1', 'CXCL1', 'CXCL10', 'CXCL11', 'CXCL12', 'CXCL13', 'CXCL14', 'CXCL16', 'CXCL2', 'CXCL3', 'CXCL5', 'CXCL6', 'CXCL8', 'CXCL9', 'EBI3', 'EDA', 'EDN1', 'EPO', 'FAM3A', 'FAM3B', 'FAM3C', 'FAM3D', 'FASLG', 'FGF2', 'FLT3LG', 'GDF1', 'GDF10', 'GDF11', 'GDF15', 'GDF2', 'GDF3', 'GDF5', 'GDF6', 'GDF7', 'GDF9', 'GH1', 'GPI', 'GPR15LG', 'GREM1', 'GREM2', 'GRN', 'HMGB1', 'IFNA1', 'IFNA10', 'IFNA14', 'IFNA16', 'IFNA17', 'IFNA2', 'IFNA21', 'IFNA4', 'IFNA5', 'IFNA6', 'IFNA7', 'IFNA8', 'IFNB1', 'IFNE', 'IFNG', 'IFNK', 'IFNL1', 'IFNL2', 'IFNL3', 'IFNL4', 'IFNW1', 'IL10', 'IL11', 'IL12A', 'IL12B', 'IL13', 'IL15', 'IL16', 'IL17A', 'IL17B', 'IL17C', 'IL17D', 'IL17F', 'IL18', 'IL19', 'IL1A', 'IL1B', 'IL1F10', 'IL1RN', 'IL2', 'IL20', 'IL21', 'IL22', 'IL23A', 'IL24', 'IL25', 'IL26', 'IL27', 'IL3', 'IL31', 'IL32', 'IL33', 'IL34', 'IL36A', 'IL36B', 'IL36G', 'IL36RN', 'IL37', 'IL4', 'IL5', 'IL6', 'IL7', 'IL9', 'INHA', 'INHBA', 'INHBB', 'INHBC', 'INHBE', 'KITLG', 'LEFTY1', 'LEFTY2', 'LIF', 'LTA', 'LTB', 'MIF', 'MSMP', 'MSTN', 'NAMPT', 'NDP', 'NODAL', 'NRG1', 'OSM', 'PF4', 'PF4V1', 'PPBP', 'SCG2', 'SCGB3A1', 'SECTM1', 'SLURP1', 'SPP1', 'TAFA5', 'TGFB1', 'TGFB2', 'TGFB3', 'THNSL2', 'THPO', 'TIMP1', 'TNF', 'TNFRSF11B', 'TNFSF10', 'TNFSF11', 'TNFSF12', 'TNFSF13', 'TNFSF13B', 'TNFSF14', 'TNFSF15', 'TNFSF18', 'TNFSF4', 'TNFSF8', 'TNFSF9', 'TSLP', 'VEGFA', 'VSTM1', 'WNT1', 'WNT10A', 'WNT10B', 'WNT11', 'WNT16', 'WNT2', 'WNT2B', 'WNT3', 'WNT3A', 'WNT4', 'WNT5A', 'WNT5B', 'WNT6', 'WNT7A', 'WNT7B', 'WNT8A', 'WNT8B', 'WNT9A', 'WNT9B', 'XCL1', 'XCL2']",MER106B,DNA
11,GO:0005576,extracellular region,CC,2.6170539666940317e-06,0.0035042352614033084,2.990624674796363,22,2249,"['ART3', 'C16orf89', 'CXCL9', 'GNAS', 'IFNA1', 'IFNA10', 'IFNA14', 'IFNA16', 'IFNA17', 'IFNA2', 'IFNA21', 'IFNA4', 'IFNA5', 'IFNA6', 'IFNA7', 'IFNA8', 'LIFR', 'MMP12', 'PLAC1', 'SIRPD', 'TOLLIP', 'VEGFD']","['A1BG', 'A2M', 'A2ML1', 'AADACL2', 'ABCB6', 'ABCC6', 'ABHD15', 'ABHD18', 'ABI3BP', 'ABO', 'ACAA1', 'ACAN', 'ACE', 'ACE2', 'ACHE', 'ACLY', 'ACP3', 'ACP7', 'ACR', 'ACRBP', 'ACTN1', 'ACTN2', 'ACTN4', 'ACTR10', 'ACTR1B', 'ACTR2', 'ADA2', 'ADAM12', 'ADAM23', 'ADAM28', 'ADAM9', 'ADAMDEC1', 'ADAMTS13', 'ADAMTS14', 'ADAMTS2', 'ADAMTS3', 'ADAMTS4', 'ADAMTS5', 'ADAMTSL2', 'ADAMTSL5', 'ADCY10', 'ADCYAP1', 'ADGRB1', 'ADGRB2', 'ADGRE3', 'ADGRE4P', 'ADGRE5', 'ADGRF1', 'ADGRG1', 'ADIPOQ', 'ADISSP', 'ADM', 'ADM2', 'ADM5', 'ADPGK', 'AEBP1', 'AFM', 'AFP', 'AGA', 'AGER', 'AGGF1', 'AGL', 'AGR2', 'AGRN', 'AGRP', 'AGT', 'AHSG', 'AIMP1', 'AKR1B10', 'ALAD', 'ALB', 'ALCAM', 'ALDOA', 'ALDOC', 'ALKAL1', 'ALKAL2', 'ALOX5', 'ALPG', 'ALPI', 'ALPL', 'AMBP', 'AMH', 'AMN', 'AMPD3', 'AMTN', 'AMY1A', 'AMY1B', 'AMY1C', 'AMY2A', 'AMY2B', 'ANG', 'ANGPT1', 'ANGPT2', 'ANGPT4', 'ANGPTL1', 'ANGPTL2', 'ANGPTL3', 'ANGPTL4', 'ANGPTL5', 'ANGPTL6', 'ANGPTL7', 'ANGPTL8', 'ANOS1', 'ANTXR2', 'ANXA1', 'ANXA2', 'ANXA5', 'AOAH', 'AOC1', 'APAF1', 'APCS', 'APEH', 'APELA', 'APLN', 'APOA1', 'APOA2', 'APOA4', 'APOA5', 'APOB', 'APOC1', 'APOC2', 'APOC3', 'APOC4', 'APOD', 'APOE', 'APOF', 'APOH', 'APOL1', 'APOL2', 'APOL3', 'APOL4', 'APOL5', 'APOL6', 'APOLD1', 'APOM', 'APOO', 'APOOL', 'APP', 'APRT', 'AQP4', 'AREG', 'ARG1', 'ARHGAP45', 'ARHGAP9', 'ARMC8', 'ARPC5', 'ARSA', 'ARSB', 'ARSF', 'ARSI', 'ARSJ', 'ARSK', 'ART3', 'ART4', 'ART5', 'ARTN', 'ASAH1', 'ASAH2', 'ASGR1', 'ASIP', 'ATG7', 'ATRN', 'AVP', 'AZGP1', 'AZU1', 'B2M', 'B3GAT1', 'B4GALT1', 'B4GALT4', 'BAG6', 'BAGE', 'BAGE2', 'BAGE4', 'BAGE5', 'BCAM', 'BCAN', 'BCHE', 'BDNF', 'BGLAP', 'BGN', 'BIN2', 'BMP1', 'BMP10', 'BMP15', 'BMP2', 'BMP3', 'BMP4', 'BMP5', 'BMP6', 'BMP7', 'BMP8A', 'BMP8B', 'BMPER', 'BPI', 'BPIFA1', 'BPIFA2', 'BPIFA3', 'BPIFA4P', 'BPIFB1', 'BPIFB2', 'BPIFB3', 'BPIFB4', 'BPIFB6', 'BPIFC', 'BRINP2', 'BRINP3', 'BRPF3', 'BSPH1', 'BST1', 'BTBD17', 'BTC', 'BTD', 'BTN1A1', 'C14orf93', 'C15orf61', 'C16orf89', 'C17orf67', 'C17orf99', 'C1QA', 'C1QB', 'C1QBP', 'C1QC', 'C1QL1', 'C1QL2', 'C1QL3', 'C1QL4', 'C1QTNF1', 'C1QTNF12', 'C1QTNF2', 'C1QTNF3', 'C1QTNF4', 'C1QTNF5', 'C1QTNF6', 'C1QTNF7', 'C1QTNF8', 'C1QTNF9', 'C1QTNF9B', 'C1R', 'C1RL', 'C1S', 'C1orf54', 'C2', 'C2orf66', 'C3', 'C3orf33', 'C4A', 'C4B', 'C4BPA', 'C4BPB', 'C5', 'C5orf46', 'C6', 'C6orf120', 'C7', 'C8A', 'C8B', 'C8G', 'C9', 'C9orf72', 'CA11', 'CA6', 'CAB39', 'CABP4', 'CABYR', 'CALCA', 'CALCB', 'CALM1', 'CALML5', 'CALR', 'CALU', 'CAMP', 'CAND1', 'CANT1', 'CAP1', 'CAPN1', 'CAPZA1', 'CAPZA2', 'CARTPT', 'CASP4', 'CASP7', 'CAT', 'CBLIF', 'CBLN1', 'CBLN2', 'CBLN3', 'CBLN4', 'CCBE1', 'CCDC126', 'CCDC134', 'CCDC3', 'CCDC39', 'CCDC40', 'CCDC88C', 'CCER2', 'CCK', 'CCL1', 'CCL11', 'CCL13', 'CCL14', 'CCL15', 'CCL16', 'CCL17', 'CCL18', 'CCL19', 'CCL2', 'CCL20', 'CCL21', 'CCL22', 'CCL23', 'CCL24', 'CCL25', 'CCL26', 'CCL27', 'CCL28', 'CCL3', 'CCL3L1', 'CCL4', 'CCL4L1', 'CCL5', 'CCL7', 'CCL8', 'CCN1', 'CCN2', 'CCN3', 'CCN4', 'CCN5', 'CCN6', 'CCT2', 'CCT8', 'CD109', 'CD14', 'CD160', 'CD163', 'CD163L1', 'CD164', 'CD177', 'CD2', 'CD200R1', 'CD209', 'CD27', 'CD274', 'CD300H', 'CD300LD-AS1', 'CD34', 'CD40', 'CD40LG', 'CD44', 'CD48', 'CD52', 'CD55', 'CD59', 'CD5L', 'CD6', 'CD63', 'CD74', 'CD8A', 'CD8B', 'CD9', 'CD99L2', 'CDA', 'CDC37L1', 'CDCP1', 'CDH1', 'CDH11', 'CDH13', 'CDK13', 'CDNF', 'CDSN', 'CEACAM1', 'CEACAM16', 'CEACAM5', 'CEACAM7', 'CEL', 'CELA1', 'CELA2A', 'CELA2B', 'CELF2-AS1', 'CEMIP', 'CEP290', 'CER1', 'CES4A', 'CES5A', 'CETP', 'CFAP221', 'CFAP43', 'CFAP45', 'CFAP53', 'CFAP54', 'CFB', 'CFC1', 'CFC1B', 'CFD', 'CFH', 'CFHR2', 'CFHR4', 'CFHR5', 'CFI', 'CFP', 'CGA', 'CGB1', 'CGB2', 'CGB3', 'CGB7', 'CGREF1', 'CHADL', 'CHGA', 'CHGB', 'CHI3L1', 'CHI3L2', 'CHIA', 'CHID1', 'CHIT1', 'CHRD', 'CHRDL1', 'CHRDL2', 'CHST9', 'CHSY1', 'CKLF', 'CLCA1', 'CLCA2', 'CLCA4', 'CLCF1', 'CLEC11A', 'CLEC18A', 'CLEC18B', 'CLEC18C', 'CLEC19A', 'CLEC3A', 'CLEC3B', 'CLEC4M', 'CLPS', 'CLPSL1', 'CLPSL2', 'CLSTN1', 'CLU', 'CLUL1', 'CMA1', 'CNDP1', 'CNN2', 'CNPY4', 'CNTF', 'CNTN3', 'CNTN4', 'CNTN5', 'CNTNAP3', 'COL10A1', 'COL11A1', 'COL11A2', 'COL12A1', 'COL13A1', 'COL14A1', 'COL15A1', 'COL16A1', 'COL17A1', 'COL18A1', 'COL19A1', 'COL1A1', 'COL1A2', 'COL20A1', 'COL21A1', 'COL22A1', 'COL24A1', 'COL25A1', 'COL26A1', 'COL27A1', 'COL28A1', 'COL2A1', 'COL3A1', 'COL4A1', 'COL4A2', 'COL4A3', 'COL4A4', 'COL4A5', 'COL4A6', 'COL5A1', 'COL5A2', 'COL5A3', 'COL6A1', 'COL6A2', 'COL6A3', 'COL6A5', 'COL6A6', 'COL7A1', 'COL8A1', 'COL8A2', 'COL9A1', 'COL9A2', 'COL9A3', 'COLEC10', 'COLEC11', 'COMMD3', 'COMMD9', 'COMP', 'COPA', 'CORIN', 'CORT', 'COTL1', 'CP', 'CPA1', 'CPA2', 'CPA3', 'CPA4', 'CPA5', 'CPAMD8', 'CPB1', 'CPB2', 'CPE', 'CPM', 'CPN1', 'CPN2', 'CPPED1', 'CPQ', 'CPXM1', 'CPXM2', 'CR1L', 'CRACR2A', 'CRB1', 'CRB2', 'CREG1', 'CREG2', 'CRH', 'CRHBP', 'CRIM1', 'CRISP1', 'CRISP2', 'CRISP3', 'CRISPLD1', 'CRISPLD2', 'CRLF1', 'CRLF2', 'CRP', 'CRY2', 'CRYAB', 'CSF1', 'CSF2', 'CSF2RA', 'CSF3', 'CSF3R', 'CSH1', 'CSH2', 'CSHL1', 'CSN1S1', 'CSN2', 'CSN3', 'CSNK2B', 'CSPG4', 'CSPG5', 'CST1', 'CST11', 'CST2', 'CST3', 'CST4', 'CST5', 'CST6', 'CST7', 'CST8', 'CST9', 'CST9L', 'CSTB', 'CSTL1', 'CTF1', 'CTHRC1', 'CTRB1', 'CTRB2', 'CTSA', 'CTSB', 'CTSC', 'CTSD', 'CTSG', 'CTSH', 'CTSK', 'CTSL', 'CTSS', 'CTSV', 'CTSW', 'CTSZ', 'CWH43', 'CX3CL1', 'CXADR', 'CXCL1', 'CXCL10', 'CXCL11', 'CXCL12', 'CXCL13', 'CXCL14', 'CXCL16', 'CXCL17', 'CXCL2', 'CXCL3', 'CXCL5', 'CXCL6', 'CXCL8', 'CXCL9', 'CYB5D2', 'CYB5R3', 'CYFIP1', 'CYRIB', 'CYTL1', 'DAG1', 'DAND5', 'DAO', 'DAW1', 'DBH', 'DBNL', 'DCD', 'DCN', 'DDR1', 'DDX3X', 'DEAF1', 'DEFA1', 'DEFA3', 'DEFA4', 'DEFA5', 'DEFA6', 'DEFB1', 'DEFB103A', 'DEFB104A', 'DEFB105A', 'DEFB106A', 'DEFB107A', 'DEFB108B', 'DEFB109B', 'DEFB110', 'DEFB112', 'DEFB113', 'DEFB114', 'DEFB115', 'DEFB116', 'DEFB118', 'DEFB119', 'DEFB121', 'DEFB123', 'DEFB124', 'DEFB125', 'DEFB126', 'DEFB127', 'DEFB128', 'DEFB129', 'DEFB130B', 'DEFB131A', 'DEFB131B', 'DEFB132', 'DEFB134', 'DEFB135', 'DEFB136', 'DEFB4A', 'DERA', 'DHH', 'DHRS11', 'DHRS13', 'DHRS4L2', 'DHRSX', 'DIPK2A', 'DIPK2B', 'DKK1', 'DKK2', 'DKK3', 'DKK4', 'DKKL1', 'DLL1', 'DMBT1', 'DMKN', 'DMP1', 'DNAAF1', 'DNAAF11', 'DNAAF2', 'DNAAF3', 'DNAAF4', 'DNAH1', 'DNAH11', 'DNAH5', 'DNAH9', 'DNAI1', 'DNAJC3', 'DNASE1', 'DNASE1L1', 'DNASE1L2', 'DNASE1L3', 'DNASE2B', 'DOCK2', 'DPCD', 'DPP4', 'DPP7', 'DRAXIN', 'DSC3', 'DSCAM', 'DSN1', 'DSPP', 'DYNC1H1', 'DYNLT1', 'EBI3', 'ECM1', 'ECRG4', 'EDA', 'EDDM13', 'EDDM3A', 'EDDM3B', 'EDIL3', 'EDN1', 'EDN2', 'EDN3', 'EEF1A1', 'EEF2', 'EFEMP1', 'EFEMP2', 'EFNA1', 'EFNA4', 'EGF', 'EGFL6', 'EGFL7', 'EGFL8', 'EGFR', 'ELANE', 'ELN', 'ELSPBP1', 'EMC10', 'EMCN', 'EMILIN1', 'EMILIN2', 'ENDOD1', 'ENDOU', 'ENHO', 'ENOX1', 'ENOX2', 'ENPP1', 'ENPP2', 'ENPP3', 'ENPP5', 'ENPP6', 'ENTPD5', 'ENTPD6', 'EPDR1', 'EPGN', 'EPHA10', 'EPHA3', 'EPHB1', 'EPHB2', 'EPHB3', 'EPHB4', 'EPHB6', 'EPO', 'EPOR', 'EPPIN', 'EPX', 'ERAP1', 'ERBB3', 'ERBB4', 'EREG', 'ERFE', 'ERO1A', 'ERP44', 'ERVH48-1', 'ERVMER34-1', 'ESM1', 'EVA1C', 'EXOC3-AS1', 'EXT2', 'EXTL2', 'F10', 'F11', 'F12', 'F13A1', 'F13B', 'F2', 'F2R', 'F2RL2', 'F2RL3', 'F3', 'F5', 'F7', 'F8', 'F9', 'FABP5', 'FAF2', 'FAM174C', 'FAM180A', 'FAM180B', 'FAM20A', 'FAM20C', 'FAM237A', 'FAM237B', 'FAM24A', 'FAM24B', 'FAM3A', 'FAM3B', 'FAM3C', 'FAM3D', 'FAP', 'FAS', 'FASLG', 'FBLN1', 'FBLN2', 'FBLN5', 'FBN1', 'FBN2', 'FBN3', 'FBXO45', 'FCAR', 'FCER2', 'FCGBP', 'FCGR3A', 'FCGR3B', 'FCMR', 'FCN1', 'FCN2', 'FCN3', 'FDCSP', 'FERMT3', 'FETUB', 'FGA', 'FGB', 'FGF1', 'FGF10', 'FGF16', 'FGF17', 'FGF18', 'FGF19', 'FGF2', 'FGF20', 'FGF21', 'FGF22', 'FGF23', 'FGF3', 'FGF4', 'FGF5', 'FGF6', 'FGF7', 'FGF8', 'FGF9', 'FGFBP1', 'FGFBP2', 'FGFBP3', 'FGFR1', 'FGFR2', 'FGFR3', 'FGFR4', 'FGG', 'FGL1', 'FGL2', 'FGR', 'FIBIN', 'FJX1', 'FKBPL', 'FKRP', 'FLG2', 'FLNA', 'FLRT1', 'FLRT2', 'FLRT3', 'FLT1', 'FLT3LG', 'FLT4', 'FMOD', 'FN1', 'FNDC1', 'FNDC4', 'FNDC5', 'FNDC7', 'FOLR1', 'FOLR2', 'FOLR3', 'FRK', 'FRZB', 'FSHB', 'FST', 'FSTL1', 'FSTL3', 'FSTL4', 'FSTL5', 'FTH1', 'FTL', 'FUCA1', 'FUCA2', 'FURIN', 'FUT6', 'GABBR1', 'GAL', 'GALNS', 'GALNT1', 'GALNT2', 'GALP', 'GARS1', 'GAS6', 'GAS8', 'GASK1A', 'GAST', 'GATD1', 'GBP1', 'GC', 'GCA', 'GCG', 'GDF1', 'GDF10', 'GDF11', 'GDF15', 'GDF2', 'GDF3', 'GDF5', 'GDF6', 'GDF7', 'GDF9', 'GDI2', 'GDNF', 'GFER', 'GFOD1', 'GFRA4', 'GGH', 'GH1', 'GH2', 'GHDC', 'GHR', 'GHRH', 'GHRL', 'GIP', 'GKN1', 'GKN2', 'GLA', 'GLB1', 'GLB1L', 'GLB1L2', 'GLDN', 'GLIPR1', 'GLIPR1L1', 'GLIPR2', 'GLT1D1', 'GM2A', 'GMFG', 'GMNC', 'GNAS', 'GNLY', 'GNPTG', 'GNRH1', 'GNRH2', 'GNS', 'GOLGA7', 'GP2', 'GPC1', 'GPC2', 'GPC4', 'GPC5', 'GPC6', 'GPHA2', 'GPHB5', 'GPI', 'GPIHBP1', 'GPLD1', 'GPR15LG', 'GPX3', 'GPX5', 'GPX6', 'GPX7', 'GREM1', 'GREM2', 'GRN', 'GRP', 'GSDMD', 'GSN', 'GSTP1', 'GTPBP2', 'GUCA2A', 'GUCA2B', 'GUSB', 'GYG1', 'GZMA', 'GZMB', 'GZMK', 'GZMM', 'H3-3A', 'H3C1', 'H3C13', 'H4C1', 'HABP2', 'HABP4', 'HAMP', 'HAPLN1', 'HBA1', 'HBB', 'HBEGF', 'HCG22', 'HCRT', 'HDGF', 'HDGFL3', 'HEBP1', 'HEBP2', 'HEG1', 'HEXB', 'HGF', 'HGFAC', 'HHIP', 'HHIPL1', 'HHIPL2', 'HHLA1', 'HILPDA', 'HK3', 'HLA-E', 'HLA-G', 'HMCN1', 'HMCN2', 'HMGB1', 'HMGB2', 'HMSD', 'HNRNPA2B1', 'HNRNPC', 'HP', 'HPR', 'HPSE', 'HPX', 'HRG', 'HSD11B1L', 'HSP90AA1', 'HSP90AB1', 'HSP90B1', 'HSPA1A', 'HSPA1B', 'HSPA6', 'HSPA8', 'HSPB6', 'HSPG2', 'HSPH1', 'HTN1', 'HTN3', 'HTRA1', 'HTRA3', 'HTRA4', 'HUWE1', 'HYAL1', 'HYAL3', 'HYOU1', 'IAPP', 'IBSP', 'ICAM4', 'ICOS', 'IDE', 'IDH1', 'IFI30', 'IFI35', 'IFNA1', 'IFNA10', 'IFNA14', 'IFNA16', 'IFNA17', 'IFNA2', 'IFNA21', 'IFNA4', 'IFNA5', 'IFNA6', 'IFNA7', 'IFNA8', 'IFNAR2', 'IFNB1', 'IFNE', 'IFNG', 'IFNK', 'IFNL1', 'IFNL2', 'IFNL3', 'IFNL4', 'IFNW1', 'IGF1', 'IGF2', 'IGFALS', 'IGFBP1', 'IGFBP2', 'IGFBP3', 'IGFBP4', 'IGFBP5', 'IGFBP6', 'IGFBP7', 'IGFBPL1', 'IGFL1', 'IGFL2', 'IGFL3', 'IGFL4', 'IGHV1OR15-1', 'IGIP', 'IGLL1', 'IGLL5', 'IGLON5', 'IGSF1', 'IGSF10', 'IHH', 'IL10', 'IL11', 'IL11RA', 'IL12A', 'IL12B', 'IL13', 'IL13RA2', 'IL15', 'IL15RA', 'IL16', 'IL17A', 'IL17B', 'IL17C', 'IL17D', 'IL17F', 'IL17RA', 'IL17RB', 'IL17RE', 'IL17REL', 'IL18', 'IL18BP', 'IL19', 'IL1A', 'IL1B', 'IL1F10', 'IL1R1', 'IL1R2', 'IL1RAP', 'IL1RL1', 'IL1RN', 'IL2', 'IL20', 'IL21', 'IL22', 'IL22RA2', 'IL23A', 'IL24', 'IL25', 'IL26', 'IL27', 'IL3', 'IL31', 'IL32', 'IL33', 'IL34', 'IL36A', 'IL36B', 'IL36G', 'IL36RN', 'IL37', 'IL4', 'IL4I1', 'IL4R', 'IL5', 'IL6', 'IL6R', 'IL6ST', 'IL7', 'IL7R', 'IL9', 'IL9R', 'ILF2', 'ILF3', 'IMPDH1', 'IMPDH2', 'INHA', 'INHBA', 'INHBB', 'INHBC', 'INHBE', 'INS', 'INS-IGF2', 'INSL3', 'INSL4', 'INSL5', 'INSL6', 'IRX2-DT', 'ISG15', 'ISLR', 'ISM1', 'ISM2', 'IST1', 'ITFG1', 'ITGBL1', 'ITIH1', 'ITIH2', 'ITIH3', 'ITIH4', 'ITIH5', 'ITIH6', 'ITLN1', 'ITLN2', 'ITM2B', 'IZUMO1R', 'IZUMO4', 'JAG1', 'JAM3', 'JCHAIN', 'JHY', 'JUP', 'KARS1', 'KAZALD1', 'KCMF1', 'KCNJ5-AS1', 'KCP', 'KDR', 'KERA', 'KIF27', 'KIR3DX1', 'KIRREL3', 'KISS1', 'KITLG', 'KL', 'KLK10', 'KLK11', 'KLK12', 'KLK13', 'KLK14', 'KLK15', 'KLK2', 'KLK3', 'KLK4', 'KLK5', 'KLK6', 'KLK7', 'KLK8', 'KLK9', 'KLKB1', 'KNG1', 'KPNB1', 'KRT1', 'KRT10', 'KRTDAP', 'LACRT', 'LAG3', 'LAIR2', 'LALBA', 'LAMA1', 'LAMA2', 'LAMA3', 'LAMA4', 'LAMA5', 'LAMB1', 'LAMB2', 'LAMB3', 'LAMB4', 'LAMC1', 'LAMC2', 'LAMC3', 'LBP', 'LCAT', 'LCN1', 'LCN10', 'LCN12', 'LCN15', 'LCN2', 'LCN6', 'LCN8', 'LCN9', 'LEAP2', 'LECT2', 'LEFTY1', 'LEFTY2', 'LEP', 'LEPR', 'LFNG', 'LGALS1', 'LGALS13', 'LGALS3', 'LGALS3BP', 'LGALS7', 'LGALS9', 'LGI1', 'LGI2', 'LGI3', 'LGI4', 'LGMN', 'LHB', 'LIF', 'LIFR', 'LILRA2', 'LILRA3', 'LILRA5', 'LILRB1', 'LINC00305', 'LIPC', 'LIPF', 'LIPG', 'LIPH', 'LIPI', 'LIPK', 'LIPM', 'LIPN', 'LLCFC1', 'LNPEP', 'LOX', 'LOXL1', 'LOXL3', 'LOXL4', 'LPA', 'LPAL2', 'LPL', 'LPO', 'LRCOL1', 'LRG1', 'LRP6', 'LRP8', 'LRPAP1', 'LRRC17', 'LRRC7', 'LSAMP', 'LTA', 'LTA4H', 'LTBP1', 'LTBP2', 'LTBP3', 'LTBP4', 'LTF', 'LUM', 'LUZP2', 'LY6D', 'LY6E', 'LY6G5B', 'LY6G5C', 'LY6G6C', 'LY6G6D', 'LY6H', 'LY6K', 'LY86', 'LY96', 'LYG1', 'LYG2', 'LYPD1', 'LYPD2', 'LYPD3', 'LYPD4', 'LYPD5', 'LYPD6', 'LYPD6B', 'LYPD8', 'LYZ', 'LYZL1', 'LYZL2', 'LYZL4', 'LYZL6', 'MAGED2', 'MAN2B1', 'MAN2B2', 'MANF', 'MAP2K2', 'MAPK1', 'MAPK14', 'MAPK15', 'MAPT', 'MASP1', 'MASP2', 'MATN1', 'MATN2', 'MATN3', 'MATN4', 'MBL2', 'MCAM', 'MDFIC', 'MDGA1', 'MDGA2', 'MDK', 'MEGF6', 'MELTF', 'MEP1B', 'MEPE', 'MET', 'METRN', 'METRNL', 'METTL24', 'MFAP2', 'MFAP3', 'MFAP4', 'MFAP5', 'MFGE8', 'MGAT4A', 'MGAT5', 'MGP', 'MIA', 'MIF', 'MINPP1', 'MLN', 'MME', 'MMEL1', 'MMP1', 'MMP10', 'MMP11', 'MMP12', 'MMP13', 'MMP19', 'MMP2', 'MMP20', 'MMP21', 'MMP3', 'MMP7', 'MMP8', 'MMP9', 'MMRN1', 'MNDA', 'MPEG1', 'MPO', 'MR1', 'MSLN', 'MSMB', 'MSMP', 'MST1', 'MST1L', 'MSTN', 'MUC1', 'MUC13', 'MUC15', 'MUC16', 'MUC17', 'MUC19', 'MUC2', 'MUC20', 'MUC3A', 'MUC4', 'MUC5AC', 'MUC5B', 'MUC6', 'MUC7', 'MUCL1', 'MUSTN1', 'MVP', 'MXRA5', 'MYDGF', 'MYOC', 'MZB1', 'NAMPT', 'NAPRT', 'NAPSA', 'NAXE', 'NBL1', 'NBPF26', 'NCAM1', 'NCAN', 'NDFIP1', 'NDNF', 'NDP', 'NECTIN1', 'NECTIN4', 'NEGR1', 'NEK10', 'NELL1', 'NELL2', 'NENF', 'NETO1', 'NEU1', 'NFKB1', 'NGF', 'NGFR', 'NGRN', 'NHLRC2', 'NHLRC3', 'NID1', 'NID2', 'NINJ1', 'NIT2', 'NLN', 'NLRP3', 'NMB', 'NME2', 'NME5', 'NME7', 'NMI', 'NMS', 'NMU', 'NODAL', 'NOG', 'NOTCH1', 'NOTCH2', 'NOTCH2NLA', 'NOTCH2NLB', 'NOTCH2NLC', 'NOTCH2NLR', 'NOTCH3', 'NOTCH4', 'NOTUM', 'NPB', 'NPC1', 'NPC2', 'NPEPPS', 'NPFF', 'NPHP3', 'NPIPB15', 'NPIPB7', 'NPNT', 'NPPA', 'NPPB', 'NPPC', 'NPS', 'NPTX1', 'NPTX2', 'NPVF', 'NPW', 'NPY', 'NRCAM', 'NRG1', 'NRG2', 'NRG3', 'NRG4', 'NRN1', 'NRN1L', 'NRP1', 'NRP2', 'NRROS', 'NRTN', 'NSUN2', 'NTF3', 'NTF4', 'NTM', 'NTN1', 'NTN3', 'NTN5', 'NTNG1', 'NTNG2', 'NTS', 'NUCB1', 'NUCB2', 'NXPE1', 'NXPE3', 'NXPE4', 'NXPH1', 'NXPH2', 'NXPH3', 'NXPH4', 'OAS1', 'OBP2A', 'OBP2B', 'OC90', 'ODAD4', 'ODAM', 'ODAPH', 'OFD1', 'OGN', 'OLA1', 'OLFM1', 'OLFM2', 'OLFM3', 'OLFM4', 'OLFML1', 'OLFML2A', 'OLFML2B', 'OLFML3', 'OLR1', 'OMD', 'OOSP1', 'OOSP2', 'OOSP3', 'OOSP4A', 'OOSP4B', 'OPCML', 'OPRPN', 'OPTC', 'ORM1', 'OSCAR', 'OSM', 'OSTF1', 'OSTN', 'OTOA', 'OTOG', 'OTOGL', 'OTOL1', 'OTOR', 'OTOS', 'OVCH1', 'OVCH2', 'OVGP1', 'OXT', 'P4HB', 'PA2G4', 'PADI2', 'PAEP', 'PAFAH1B2', 'PAM', 'PAMR1', 'PAPLN', 'PAPPA', 'PAPPA2', 'PATE1', 'PATE2', 'PATE3', 'PATE4', 'PCDH12', 'PCDH15', 'PCDHA1', 'PCDHA10', 'PCDHA6', 'PCOLCE', 'PCOLCE2', 'PCSK1N', 'PCSK2', 'PCSK5', 'PCSK6', 'PCSK9', 'PCYOX1L', 'PDAP1', 'PDCD1LG2', 'PDCD6IP', 'PDGFA', 'PDGFB', 'PDGFC', 'PDGFD', 'PDGFRL', 'PDXK', 'PDYN', 'PDZD11', 'PDZD2', 'PEBP4', 'PENK', 'PF4', 'PF4V1', 'PFKL', 'PGA3', 'PGA4', 'PGA5', 'PGAM1', 'PGC', 'PGF', 'PGLYRP1', 'PGLYRP2', 'PGLYRP3', 'PGLYRP4', 'PGM1', 'PGM2', 'PGRMC1', 'PGRMC2', 'PI15', 'PI16', 'PI3', 'PIBF1', 'PIGR', 'PILRA', 'PINLYP', 'PIP', 'PKD1', 'PKD1L1-AS1', 'PKD2', 'PKDCC', 'PKHD1', 'PKM', 'PLA1A', 'PLA2G12A', 'PLA2G12B', 'PLA2G15', 'PLA2G1B', 'PLA2G2A', 'PLA2G2C', 'PLA2G2D', 'PLA2G2E', 'PLA2G2F', 'PLA2G3', 'PLA2G4B', 'PLA2G5', 'PLA2G7', 'PLA2R1', 'PLAC1', 'PLAC8', 'PLAC9', 'PLAT', 'PLAU', 'PLAUR', 'PLBD1', 'PLBD2', 'PLEK', 'PLEKHO2', 'PLET1', 'PLG', 'PLGLA', 'PLGLB1', 'PLIN2', 'PLOD3', 'PLTP', 'PLXDC1', 'PLXNB1', 'PM20D1', 'PMCH', 'PMCHL1', 'PMEL', 'PNLIP', 'PNLIPRP1', 'PNLIPRP2', 'PNLIPRP3', 'PNOC', 'PNP', 'POLGARF', 'POMC', 'PON1', 'PON2', 'PON3', 'POSTN', 'POTEKP', 'PPBP', 'PPIA', 'PPIE', 'PPT1', 'PPT2', 'PPY', 'PRADC1', 'PRAP1', 'PRB2', 'PRB3', 'PRB4', 'PRCD', 'PRCP', 'PRDX4', 'PRDX6', 'PRELP', 'PREP', 'PRF1', 'PRG2', 'PRG3', 'PRG4', 'PRH1', 'PRKCD', 'PRL', 'PRLH', 'PRLR', 'PRND', 'PRNT', 'PROC', 'PROCR', 'PROK1', 'PROK2', 'PROS1', 'PROZ', 'PRR27', 'PRR4', 'PRRG1', 'PRRG2', 'PRRG3', 'PRRG4', 'PRSS1', 'PRSS12', 'PRSS2', 'PRSS21', 'PRSS22', 'PRSS23', 'PRSS27', 'PRSS3', 'PRSS33', 'PRSS35', 'PRSS37', 'PRSS38', 'PRSS41', 'PRSS48', 'PRSS53', 'PRSS54', 'PRSS57', 'PRSS58', 'PRSS8', 'PRTN3', 'PRXL2A', 'PSAP', 'PSAPL1', 'PSCA', 'PSG1', 'PSG11', 'PSG2', 'PSG3', 'PSG4', 'PSG5', 'PSG6', 'PSG7', 'PSG8', 'PSG9', 'PSMA2', 'PSMA5', 'PSMB1', 'PSMB7', 'PSMC2', 'PSMC3', 'PSMD1', 'PSMD11', 'PSMD12', 'PSMD13', 'PSMD14', 'PSMD2', 'PSMD3', 'PSMD6', 'PSMD7', 'PSORS1C2', 'PSPN', 'PTEN', 'PTGDS', 'PTGES2', 'PTGFR', 'PTH', 'PTH2', 'PTHLH', 'PTN', 'PTPN6', 'PTPRJ', 'PTPRR', 'PTPRZ1', 'PTX3', 'PTX4', 'PVR', 'PXDN', 'PXDNL', 'PYCARD', 'PYGB', 'PYGL', 'PYY', 'PYY2', 'PZP', 'QPCT', 'QRFP', 'QSOX1', 'QSOX2', 'R3HDML', 'RAB27A', 'RAET1E', 'RAET1G', 'RAET1L', 'RARRES1', 'RARRES2', 'RBAKDN', 'RBP3', 'RBP4', 'RECK', 'REG1A', 'REG1B', 'REG3A', 'REG3G', 'REG4', 'RELN', 'REN', 'RETN', 'RETNLB', 'RFNG', 'RFX3', 'RLN1', 'RLN2', 'RLN3', 'RNASE1', 'RNASE10', 'RNASE11', 'RNASE12', 'RNASE13', 'RNASE2', 'RNASE3', 'RNASE4', 'RNASE6', 'RNASE7', 'RNASE8', 'RNASE9', 'RNASET2', 'RNLS', 'RNPEP', 'ROCK1', 'ROPN1L', 'RS1', 'RSPH4A', 'RSPO1', 'RSPO2', 'RSPO3', 'RSPO4', 'RSPRY1', 'RTN4RL1', 'RTN4RL2', 'S100A1', 'S100A10', 'S100A11', 'S100A12', 'S100A13', 'S100A4', 'S100A6', 'S100A7', 'S100A8', 'S100A9', 'S100B', 'S100P', 'SAA1', 'SAA2', 'SAA4', 'SAMD1', 'SBSN', 'SCCPDH', 'SCG2', 'SCG3', 'SCG5', 'SCGB1A1', 'SCGB1C1', 'SCGB1C2', 'SCGB1D1', 'SCGB1D2', 'SCGB1D4', 'SCGB2A1', 'SCGB2A2', 'SCGB2B2', 'SCGB3A1', 'SCGB3A2', 'SCGN', 'SCN1B', 'SCPEP1', 'SCPPPQ1', 'SCRG1', 'SCT', 'SCUBE1', 'SCUBE2', 'SCUBE3', 'SDC1', 'SDC4', 'SDCBP', 'SECTM1', 'SELENOP', 'SEMA3A', 'SEMA3B', 'SEMA3C', 'SEMA3D', 'SEMA3E', 'SEMA3F', 'SEMA3G', 'SEMG1', 'SEMG2', 'SERPINA1', 'SERPINA10', 'SERPINA11', 'SERPINA12', 'SERPINA13P', 'SERPINA3', 'SERPINA4', 'SERPINA5', 'SERPINA6', 'SERPINA7', 'SERPINA9', 'SERPINB1', 'SERPINB2', 'SERPINB3', 'SERPINB5', 'SERPINB6', 'SERPINC1', 'SERPIND1', 'SERPINE1', 'SERPINE2', 'SERPINE3', 'SERPINF1', 'SERPINF2', 'SERPING1', 'SERPINI1', 'SERPINI2', 'SFN', 'SFRP1', 'SFRP2', 'SFRP4', 'SFRP5', 'SFTA2', 'SFTA3', 'SFTPA1', 'SFTPA2', 'SFTPB', 'SFTPC', 'SFTPD', 'SHBG', 'SHH', 'SIGLEC1', 'SIGLEC10', 'SIGLEC6', 'SIRPD', 'SLAMF1', 'SLIT1', 'SLIT2', 'SLIT3', 'SLITRK1', 'SLPI', 'SLURP1', 'SLURP2', 'SMIM20', 'SMPD1', 'SMPD3', 'SMPDL3A', 'SMPDL3B', 'SMR3A', 'SMR3B', 'SNCA', 'SOD1', 'SOD3', 'SORL1', 'SOST', 'SOSTDC1', 'SPA17', 'SPACA3', 'SPACA4', 'SPACA5', 'SPACA7', 'SPAG11A', 'SPAG11B', 'SPAG16', 'SPAG17', 'SPAG6', 'SPARC', 'SPARCL1', 'SPATA20', 'SPATA6', 'SPEF2', 'SPINK1', 'SPINK13', 'SPINK14', 'SPINK2', 'SPINK4', 'SPINK5', 'SPINK6', 'SPINK7', 'SPINK8', 'SPINK9', 'SPINT1', 'SPINT2', 'SPINT3', 'SPINT4', 'SPP1', 'SPP2', 'SPRN', 'SPRR2A', 'SPTAN1', 'SPX', 'SRGN', 'SRP14', 'SRPX2', 'SSBP3-AS1', 'SSC4D', 'SSC5D', 'SSPOP', 'SST', 'ST3GAL1', 'ST3GAL2', 'ST3GAL3', 'ST3GAL4', 'ST6GAL1', 'ST8SIA2', 'ST8SIA4', 'STARD7', 'STATH', 'STC1', 'STC2', 'STK11IP', 'STK36', 'STRCP1', 'STX1A', 'STXBP2', 'SULF1', 'SULF2', 'SUSD4', 'SVBP', 'SVEP1', 'TAC1', 'TAC3', 'TAC4', 'TAFA1', 'TAFA3', 'TAFA4', 'TAFA5', 'TAGLN2', 'TBC1D15', 'TCN1', 'TCN2', 'TCTN1', 'TECTA', 'TECTB', 'TEK', 'TENM1', 'TEX101', 'TEX264', 'TF', 'TFF1', 'TFF2', 'TFF3', 'TFPI', 'TFPI2', 'TFRC', 'TG', 'TGFA', 'TGFB1', 'TGFB2', 'TGFB3', 'TGFBI', 'TGFBR2', 'TGFBR3', 'THBS1', 'THBS2', 'THBS3', 'THBS4', 'THEM6', 'THNSL2', 'THPO', 'THSD1', 'THSD7A', 'THY1', 'TIMD4', 'TIMP1', 'TIMP2', 'TIMP3', 'TIMP4', 'TINAGL1', 'TLL1', 'TLL2', 'TLN1', 'TLR9', 'TMEFF2', 'TMEM119', 'TMEM25', 'TMEM98', 'TMPRSS11A', 'TMPRSS11B', 'TMPRSS11D', 'TMPRSS11E', 'TMPRSS11F', 'TMPRSS13', 'TMPRSS2', 'TMPRSS4', 'TMSB4X', 'TMT1A', 'TMX1', 'TNC', 'TNF', 'TNFAIP6', 'TNFRSF11B', 'TNFRSF18', 'TNFRSF1A', 'TNFRSF1B', 'TNFRSF25', 'TNFRSF6B', 'TNFSF10', 'TNFSF11', 'TNFSF12', 'TNFSF13', 'TNFSF13B', 'TNFSF14', 'TNFSF15', 'TNR', 'TNXB', 'TOLLIP', 'TOR2A', 'TOR4A', 'TPSAB1', 'TPSB2', 'TPSD1', 'TRAPPC1', 'TREM1', 'TREM2', 'TREML4', 'TRH', 'TSHB', 'TSKU', 'TSLP', 'TSPEAR', 'TTLL1', 'TTN', 'TTR', 'TUB', 'TUBA4A', 'TUBB', 'TUBB4B', 'TUFT1', 'TULP1', 'TULP2', 'TULP3', 'TWSG1', 'TXLNA', 'TXN', 'TXNDC16', 'TXNDC5', 'UACA', 'UCN', 'UCN2', 'UCN3', 'ULBP2', 'UMOD', 'UMODL1', 'UNC13D', 'USH2A', 'UTS2', 'UTS2B', 'VANGL1', 'VASH1', 'VASH2', 'VASN', 'VAT1', 'VCAM1', 'VCAN', 'VCL', 'VCP', 'VEGFA', 'VEGFB', 'VEGFC', 'VEGFD', 'VGF', 'VIP', 'VMO1', 'VNN1', 'VNN2', 'VPREB1', 'VPREB3', 'VSTM1', 'VSTM2A', 'VSTM2L', 'VSTM4', 'VTI1B', 'VTN', 'VWA1', 'VWA2', 'VWA3A', 'VWA5B1', 'VWA7', 'VWC2L', 'VWCE', 'VWDE', 'VWF', 'WDR1', 'WFDC1', 'WFDC10A', 'WFDC10B', 'WFDC11', 'WFDC12', 'WFDC13', 'WFDC2', 'WFDC3', 'WFDC5', 'WFDC6', 'WFDC8', 'WFDC9', 'WFIKKN1', 'WFIKKN2', 'WIF1', 'WNT1', 'WNT10A', 'WNT10B', 'WNT11', 'WNT16', 'WNT2', 'WNT2B', 'WNT3', 'WNT3A', 'WNT4', 'WNT5A', 'WNT5B', 'WNT6', 'WNT7A', 'WNT7B', 'WNT8A', 'WNT8B', 'WNT9A', 'WNT9B', 'XCL1', 'XCL2', 'XDH', 'XPNPEP2', 'XRCC5', 'XRCC6', 'XYLT1', 'XYLT2', 'YBX1', 'YPEL5', 'ZBED3', 'ZG16B', 'ZNF22-AS1', 'ZNF653', 'ZP1', 'ZP2', 'ZP3', 'ZP4', 'ZPBP', 'ZPBP2']",MER106B,DNA
10,GO:0006369,termination of RNA polymerase II transcription,BP,1.201774610497928e-05,0.01501897789892944,65.51215805471124,3,14,"['SETX', 'SSU72L1', 'SSU72L4']","['MAZ', 'PCF11', 'POLR2A', 'SCAF8', 'SETX', 'SSU72', 'SSU72L1', 'SSU72L2', 'SSU72L3', 'SSU72L4', 'SSU72L5', 'SSU72L6', 'TTF2', 'XRN2']",MER106B,DNA
12,GO:0005615,extracellular space,CC,5.1800089655132214e-05,0.06069028004219428,3.0900659937366433,16,1583,"['CXCL9', 'FRMD4B', 'IFNA1', 'IFNA10', 'IFNA14', 'IFNA16', 'IFNA17', 'IFNA2', 'IFNA21', 'IFNA4', 'IFNA5', 'IFNA6', 'IFNA7', 'IFNA8', 'MMP12', 'VEGFD']","['A1BG', 'A2M', 'A2ML1', 'ABCA3', 'ABI3BP', 'ACAN', 'ACE', 'ACE2', 'ACHE', 'ACP3', 'ACTA1', 'ACTA2', 'ACTB', 'ACTBL2', 'ACTC1', 'ACTG1', 'ACTG2', 'ACTN1', 'ACTN4', 'ADA2', 'ADAM15', 'ADAM9', 'ADAMTS13', 'ADAMTS15', 'ADAMTS20', 'ADAMTS3', 'ADAMTS4', 'ADAMTS5', 'ADAMTS9', 'ADCYAP1', 'ADGRB1', 'ADIPOQ', 'ADISSP', 'ADM', 'ADM2', 'ADM5', 'ADNP', 'ADPRH', 'AEBP1', 'AFM', 'AFP', 'AGA', 'AGER', 'AGR2', 'AGRP', 'AGT', 'AHSG', 'AIFM2', 'AIMP1', 'AKR1A1', 'AKR1B1', 'ALAD', 'ALB', 'ALDH3A1', 'ALDOA', 'ALKAL1', 'ALKAL2', 'ALOX5', 'ALPL', 'AMBP', 'AMH', 'AMN', 'AMY1A', 'AMY1B', 'AMY1C', 'AMY2A', 'AMY2B', 'ANG', 'ANGPT1', 'ANGPT2', 'ANGPT4', 'ANGPTL1', 'ANGPTL2', 'ANGPTL3', 'ANGPTL4', 'ANGPTL5', 'ANGPTL6', 'ANGPTL7', 'ANOS1', 'ANPEP', 'ANXA1', 'ANXA13', 'ANXA2', 'AOC1', 'APCS', 'APELA', 'APLN', 'APOA1', 'APOA2', 'APOA4', 'APOA5', 'APOB', 'APOC2', 'APOC3', 'APOD', 'APOE', 'APOF', 'APOH', 'APOL1', 'APOL4', 'APOM', 'APOO', 'APP', 'AREG', 'ARG1', 'ARSG', 'ARTN', 'ASAH1', 'ASIP', 'ASPN', 'ASTL', 'ATP4A', 'ATRN', 'ATXN10', 'AVP', 'AXL', 'AZGP1', 'AZU1', 'B2M', 'B4GALT1', 'BCAM', 'BCAN', 'BCHE', 'BDNF', 'BGLAP', 'BGN', 'BIVM', 'BLOC1S1', 'BMP1', 'BMP10', 'BMP15', 'BMP2', 'BMP3', 'BMP4', 'BMP5', 'BMP6', 'BMP7', 'BMP8A', 'BMP8B', 'BMPER', 'BMPR2', 'BPI', 'BPIFA1', 'BPIFA2', 'BPIFB1', 'BPIFB2', 'BPIFC', 'BRICD5', 'BTC', 'BTD', 'BTN1A1', 'C17orf99', 'C1QBP', 'C1QC', 'C1QL1', 'C1QL2', 'C1QL3', 'C1QL4', 'C1QTNF1', 'C1QTNF12', 'C1QTNF3', 'C1QTNF4', 'C1QTNF5', 'C1QTNF6', 'C1QTNF7', 'C1QTNF8', 'C1R', 'C1RL', 'C1S', 'C2', 'C3', 'C3P1', 'C3orf33', 'C4A', 'C4B', 'C4BPA', 'C4BPB', 'C5', 'C6', 'C7', 'C8A', 'C8B', 'C9', 'C9orf72', 'CA6', 'CABP1', 'CALCA', 'CALCB', 'CALR', 'CAMP', 'CARTPT', 'CASP1', 'CASP7', 'CAT', 'CBLIF', 'CBLN1', 'CBLN2', 'CBLN3', 'CBLN4', 'CBR3', 'CCBE1', 'CCK', 'CCL1', 'CCL11', 'CCL13', 'CCL14', 'CCL15', 'CCL16', 'CCL17', 'CCL18', 'CCL19', 'CCL2', 'CCL20', 'CCL21', 'CCL22', 'CCL23', 'CCL24', 'CCL25', 'CCL26', 'CCL27', 'CCL28', 'CCL3', 'CCL3L1', 'CCL4', 'CCL4L1', 'CCL5', 'CCL7', 'CCL8', 'CCN1', 'CCN2', 'CCN3', 'CCN4', 'CCN5', 'CCN6', 'CD109', 'CD14', 'CD1A', 'CD1B', 'CD1C', 'CD1D', 'CD1E', 'CD36', 'CD4', 'CD40', 'CD40LG', 'CD46', 'CD59', 'CD5L', 'CD63', 'CD9', 'CDH13', 'CDK13', 'CDNF', 'CEACAM16', 'CEACAM6', 'CEACAM8', 'CEL', 'CELA1', 'CELA2A', 'CELA2B', 'CELA3A', 'CELA3B', 'CEP164', 'CER1', 'CETP', 'CFAP58', 'CFB', 'CFD', 'CFH', 'CFHR2', 'CFHR4', 'CFHR5', 'CFI', 'CFL1', 'CFL2', 'CFP', 'CGA', 'CGB1', 'CGB2', 'CGB3', 'CGB7', 'CHEK1', 'CHGA', 'CHGB', 'CHI3L1', 'CHI3L2', 'CHIA', 'CHID1', 'CHIT1', 'CHRD', 'CHRDL2', 'CILP', 'CILP2', 'CKB', 'CKLF', 'CKM', 'CLCF1', 'CLEC11A', 'CLEC18A', 'CLEC18B', 'CLEC18C', 'CLEC3A', 'CLEC3B', 'CLIC1', 'CLU', 'CLUL1', 'CMA1', 'CMTM1', 'CMTM2', 'CMTM3', 'CMTM5', 'CMTM7', 'CMTM8', 'CNOT1', 'CNP', 'CNTF', 'COL12A1', 'COL14A1', 'COL15A1', 'COL18A1', 'COL1A1', 'COL1A2', 'COL23A1', 'COL25A1', 'COL2A1', 'COL3A1', 'COL6A2', 'COL6A3', 'COL7A1', 'COLEC10', 'COLEC11', 'COLQ', 'COMP', 'COPA', 'CORT', 'CP', 'CPA1', 'CPA2', 'CPA3', 'CPA4', 'CPA5', 'CPA6', 'CPAMD8', 'CPB1', 'CPB2', 'CPD', 'CPE', 'CPM', 'CPN1', 'CPNE9', 'CPO', 'CPQ', 'CPXM1', 'CPZ', 'CR1', 'CR1L', 'CR2', 'CREG1', 'CREG2', 'CRELD1', 'CRELD2', 'CRH', 'CRHBP', 'CRISP1', 'CRISP2', 'CRISP3', 'CRISPLD1', 'CRISPLD2', 'CRLF1', 'CRP', 'CRTAP', 'CSF1', 'CSF2', 'CSF3', 'CSH1', 'CSH2', 'CSHL1', 'CSN1S1', 'CSN2', 'CSN3', 'CST1', 'CST2', 'CST3', 'CST4', 'CST5', 'CST7', 'CST9', 'CST9L', 'CSTA', 'CSTB', 'CTBS', 'CTF1', 'CTHRC1', 'CTRL', 'CTSB', 'CTSC', 'CTSD', 'CTSF', 'CTSG', 'CTSH', 'CTSK', 'CTSL', 'CTSO', 'CTSS', 'CTSV', 'CTSW', 'CTSZ', 'CUZD1', 'CX3CL1', 'CXADR', 'CXCL1', 'CXCL10', 'CXCL11', 'CXCL12', 'CXCL13', 'CXCL14', 'CXCL16', 'CXCL17', 'CXCL2', 'CXCL3', 'CXCL5', 'CXCL6', 'CXCL8', 'CXCL9', 'CYP4A22', 'CYTL1', 'DAG1', 'DAND5', 'DAO', 'DBH', 'DCD', 'DCN', 'DDB1', 'DDR1', 'DDT', 'DDTL', 'DEFA1', 'DEFA3', 'DEFA4', 'DEFA5', 'DEFA6', 'DEFB1', 'DEFB103A', 'DEFB109B', 'DEFB110', 'DEFB114', 'DEFB130B', 'DEFB131A', 'DEFB131B', 'DEFB132', 'DEFB4A', 'DHH', 'DIPK2A', 'DKK1', 'DKK2', 'DKK3', 'DKK4', 'DKKL1', 'DLG3', 'DLK1', 'DMBT1', 'DMKN', 'DMXL2', 'DNAJB11', 'DNAJC9', 'DPEP1', 'DPT', 'DPYSL3', 'DSCAML1', 'DYNC2I1', 'EBI3', 'ECM1', 'ECRG4', 'EDA', 'EDDM3A', 'EDIL3', 'EDN1', 'EDN2', 'EDN3', 'EEF1A1', 'EFEMP1', 'EFEMP2', 'EGF', 'EGFL6', 'EGFR', 'EIF2A', 'ELANE', 'ELFN2', 'ELOA', 'EMILIN1', 'ENDOU', 'ENG', 'ENHO', 'ENO1', 'ENO2', 'ENO3', 'ENPEP', 'ENPP1', 'ENPP2', 'ENTPD5', 'ENTPD6', 'EPGN', 'EPO', 'EPPIN', 'EPX', 'ERAP1', 'ERBB3', 'EREG', 'ERFE', 'ERO1A', 'ERVH48-1', 'ESF1', 'EYS', 'EZR', 'F10', 'F11', 'F12', 'F13A1', 'F13B', 'F2', 'F3', 'F5', 'F7', 'F8', 'F9', 'FABP3', 'FABP5', 'FAM151A', 'FAM151B', 'FAM184A', 'FAM20A', 'FAM20C', 'FAM3A', 'FAM3B', 'FAM3C', 'FAM3D', 'FAP', 'FASLG', 'FAU', 'FBLN1', 'FBLN5', 'FBLN7', 'FBN1', 'FBN2', 'FBP1', 'FCGBP', 'FCGR3A', 'FCGRT', 'FCN1', 'FCN2', 'FCN3', 'FETUB', 'FGA', 'FGB', 'FGF1', 'FGF10', 'FGF12', 'FGF16', 'FGF17', 'FGF18', 'FGF19', 'FGF2', 'FGF20', 'FGF21', 'FGF22', 'FGF23', 'FGF3', 'FGF4', 'FGF5', 'FGF6', 'FGF7', 'FGF8', 'FGF9', 'FGFBP1', 'FGG', 'FGL1', 'FGL2', 'FIBCD1', 'FJX1', 'FKRP', 'FKTN', 'FLRT1', 'FLRT2', 'FLRT3', 'FLT1', 'FLT3LG', 'FMOD', 'FN1', 'FNDC4', 'FREM3', 'FRMD4B', 'FRMD7', 'FRZB', 'FSHB', 'FST', 'FSTL1', 'FSTL3', 'FUCA2', 'FURIN', 'FUT1', 'FZD10', 'FZD9', 'GABBR1', 'GAL', 'GAS6', 'GAST', 'GBA1', 'GC', 'GCG', 'GDF1', 'GDF10', 'GDF11', 'GDF15', 'GDF2', 'GDF3', 'GDF5', 'GDF6', 'GDF7', 'GDF9', 'GDNF', 'GFRA1', 'GGH', 'GGT1', 'GH1', 'GH2', 'GHR', 'GHRH', 'GHRL', 'GIP', 'GKN1', 'GKN2', 'GLB1', 'GLDN', 'GLE1', 'GLIPR1', 'GLIPR1L1', 'GLIPR1L2', 'GLIPR2', 'GNB2', 'GNL1', 'GNL3', 'GNLY', 'GNRH1', 'GNRH2', 'GOLM1', 'GP2', 'GPC1', 'GPHA2', 'GPHB5', 'GPI', 'GPLD1', 'GPR15LG', 'GPRC5B', 'GPT', 'GPX3', 'GREM1', 'GREM2', 'GRN', 'GRP', 'GSDMD', 'GSN', 'GSTP1', 'GUSB', 'GZMA', 'GZMB', 'GZMH', 'GZMK', 'GZMM', 'H2BC10', 'H2BC11', 'H2BC12', 'H2BC12L', 'H2BC13', 'H2BC14', 'H2BC15', 'H2BC17', 'H2BC18', 'H2BC20P', 'H2BC21', 'H2BC26', 'H2BC3', 'H2BC5', 'H2BC9', 'HABP2', 'HAMP', 'HAPLN1', 'HAPLN2', 'HAPLN3', 'HAPLN4', 'HBA1', 'HBB', 'HBEGF', 'HDGF', 'HEXA', 'HEXB', 'HFE', 'HGF', 'HGFAC', 'HILPDA', 'HJV', 'HLA-A', 'HLA-B', 'HLA-C', 'HLA-DRB1', 'HLA-E', 'HLA-F', 'HLA-G', 'HLA-H', 'HMGB1', 'HMGB2', 'HMGN2', 'HMOX1', 'HMSD', 'HP', 'HPGD', 'HPR', 'HPSE', 'HPSE2', 'HPX', 'HSPA1A', 'HSPA8', 'HSPB1', 'HSPBP1', 'HSPD1', 'HSPG2', 'HTN1', 'HTN3', 'HTRA1', 'HYAL1', 'IAPP', 'IBSP', 'ICAM1', 'IDE', 'IFI35', 'IFNA1', 'IFNA10', 'IFNA14', 'IFNA16', 'IFNA17', 'IFNA2', 'IFNA21', 'IFNA4', 'IFNA5', 'IFNA6', 'IFNA7', 'IFNA8', 'IFNAR2', 'IFNB1', 'IFNE', 'IFNG', 'IFNK', 'IFNL1', 'IFNL2', 'IFNL3', 'IFNL4', 'IFNW1', 'IGF1', 'IGF2', 'IGF2R', 'IGFALS', 'IGFBP1', 'IGFBP2', 'IGFBP3', 'IGFBP4', 'IGFBP5', 'IGFBP6', 'IGFBP7', 'IGFBPL1', 'IGFL1', 'IGFL2', 'IGFL3', 'IGFL4', 'IHH', 'IL10', 'IL11', 'IL12A', 'IL12B', 'IL13', 'IL13RA2', 'IL15', 'IL16', 'IL17A', 'IL17B', 'IL17C', 'IL17D', 'IL17F', 'IL18', 'IL18BP', 'IL19', 'IL1A', 'IL1B', 'IL1F10', 'IL1R1', 'IL1RL2', 'IL1RN', 'IL2', 'IL20', 'IL21', 'IL22', 'IL22RA2', 'IL23A', 'IL24', 'IL25', 'IL26', 'IL27', 'IL3', 'IL31', 'IL32', 'IL33', 'IL34', 'IL36A', 'IL36B', 'IL36G', 'IL36RN', 'IL37', 'IL4', 'IL5', 'IL5RA', 'IL6', 'IL6R', 'IL6ST', 'IL7', 'IL9', 'IL9R', 'INA', 'INHA', 'INHBA', 'INHBB', 'INHBC', 'INHBE', 'INS', 'INS-IGF2', 'INSL3', 'INSL4', 'IRAK4', 'IRF2BPL', 'ITGAM', 'ITIH4', 'ITLN1', 'ITLN2', 'ITM2B', 'JAM3', 'JCHAIN', 'KARS1', 'KAT2A', 'KATNIP', 'KAZALD1', 'KDSR', 'KERA', 'KISS1', 'KIT', 'KL', 'KLHL17', 'KLHL34', 'KLK1', 'KLK10', 'KLK11', 'KLK12', 'KLK13', 'KLK14', 'KLK15', 'KLK2', 'KLK3', 'KLK4', 'KLK5', 'KLK6', 'KLK7', 'KLK8', 'KLK9', 'KLKB1', 'KMO', 'KNG1', 'KRIT1', 'KRT1', 'KRT10', 'KRT2', 'KRT31', 'KRT33A', 'KRT33B', 'KRT34', 'KRT35', 'KRT78', 'KRT81', 'KRT83', 'KRT85', 'KRT86', 'KRT87P', 'KRT9', 'KRTDAP', 'LACRT', 'LALBA', 'LAMA1', 'LAMA5', 'LAMB1', 'LAMB2', 'LAMB3', 'LAMB4', 'LAMC1', 'LAMC2', 'LAMC3', 'LAMP2', 'LBP', 'LCAT', 'LCN1', 'LCN12', 'LCN2', 'LCN9', 'LCP1', 'LECT2', 'LEFTY1', 'LEFTY2', 'LEP', 'LGALS1', 'LGALS3', 'LGALS3BP', 'LGALS4', 'LGALS7', 'LGALS8', 'LGALS9', 'LGI1', 'LGI3', 'LGI4', 'LHB', 'LIF', 'LILRA5', 'LILRB2', 'LIME1', 'LIPC', 'LIPG', 'LIPH', 'LIPI', 'LMAN2', 'LOC102723971', 'LOX', 'LOXL1', 'LOXL2', 'LOXL3', 'LOXL4', 'LPL', 'LPO', 'LRG1', 'LRIG3', 'LRP8', 'LRRC17', 'LRRC4C', 'LRRK2', 'LRRTM2', 'LTA', 'LTB', 'LTBP1', 'LTBP2', 'LTBP3', 'LTBP4', 'LTF', 'LUM', 'LVRN', 'LXN', 'LYPD3', 'LYPD8', 'LYZ', 'LYZL4', 'MAN2A1', 'MAN2B1', 'MANF', 'MASP1', 'MASP2', 'MBL2', 'MCAM', 'MCF2L', 'MDGA1', 'MDH1', 'MDS2', 'MECP2', 'MEGF11', 'MELTF', 'MEP1A', 'MEP1B', 'MERTK', 'METRN', 'METRNL', 'MFAP4', 'MFGE8', 'MFNG', 'MIA', 'MICA', 'MICB', 'MIF', 'MINPP1', 'MMEL1', 'MMP10', 'MMP11', 'MMP12', 'MMP13', 'MMP14', 'MMP15', 'MMP16', 'MMP17', 'MMP19', 'MMP2', 'MMP20', 'MMP23B', 'MMP24', 'MMP25', 'MMP26', 'MMP28', 'MMP3', 'MMP7', 'MMP8', 'MMP9', 'MMRN2', 'MOV10', 'MOXD1', 'MOXD2P', 'MPO', 'MR1', 'MRGPRD', 'MROH7', 'MRPL18', 'MS4A1', 'MSMB', 'MSMP', 'MSN', 'MST1', 'MST1L', 'MSTN', 'MT3', 'MTCL1', 'MTHFD2', 'MTMR4', 'MTUS1', 'MUC1', 'MUC13', 'MUC4', 'MUC5AC', 'MUC5B', 'MUC6', 'MYDGF', 'MYOC', 'NAMPT', 'NAPSA', 'NAXE', 'NBL1', 'NCAN', 'NCOA5', 'NDNF', 'NDP', 'NDUFAF7', 'NELL1', 'NELL2', 'NENF', 'NGF', 'NID2', 'NMB', 'NMI', 'NODAL', 'NOG', 'NPC2', 'NPFF', 'NPPA', 'NPPB', 'NPPC', 'NPVF', 'NPY', 'NRG1', 'NRG2', 'NRG3', 'NRG4', 'NRN1', 'NRN1L', 'NRP1', 'NRTN', 'NTF3', 'NTF4', 'NTN5', 'NUCB1', 'NUCB2', 'OAS3', 'OBP2A', 'OBP2B', 'ODAM', 'OGN', 'OIT3', 'OLFM1', 'OLFM2', 'OLFM3', 'OLFM4', 'OLFML1', 'OLFML2A', 'OLFML2B', 'OLFML3', 'OMD', 'OPRPN', 'ORM1', 'OSM', 'OSTN', 'OTOG', 'OTOGL', 'OXT', 'PAPPA', 'PAPPA2', 'PATE2', 'PATE4', 'PCDH15', 'PCOLCE', 'PCSK1', 'PCSK1N', 'PCSK2', 'PCSK5', 'PCSK6', 'PCSK9', 'PDE4C', 'PDGFA', 'PDGFB', 'PDGFC', 'PDGFD', 'PDIA3', 'PDIA4', 'PDIA6', 'PDZD7', 'PECAM1', 'PENK', 'PF4', 'PF4V1', 'PGC', 'PGF', 'PGK1', 'PGLYRP1', 'PGLYRP2', 'PGLYRP3', 'PGLYRP4', 'PI15', 'PI16', 'PI3', 'PIBF1', 'PIGR', 'PIK3IP1', 'PIP', 'PKHD1L1', 'PLA1A', 'PLA2G15', 'PLA2G1B', 'PLA2G2A', 'PLA2G3', 'PLA2G6', 'PLAT', 'PLAU', 'PLBD1', 'PLEKHH3', 'PLG', 'PLOD1', 'PLOD2', 'PLOD3', 'PLTP', 'PLXDC1', 'PM20D1', 'PMPCA', 'PNLIP', 'PNLIPRP1', 'PNLIPRP2', 'PODN', 'PODNL1', 'PODXL', 'POLGARF', 'POMC', 'PON1', 'PON3', 'POP1', 'POSTN', 'POTEE', 'POTEF', 'POTEI', 'POTEJ', 'PPBP', 'PPFIBP2', 'PPIA', 'PPT1', 'PPY', 'PRDX1', 'PRDX5', 'PRDX6', 'PRELP', 'PRG4', 'PRH1', 'PRKAG2', 'PRKAG3', 'PRL', 'PROC', 'PROCR', 'PROM1', 'PROS1', 'PROZ', 'PRR4', 'PRRG1', 'PRRG2', 'PRRG3', 'PRRG4', 'PRSS1', 'PRSS2', 'PRSS21', 'PRSS22', 'PRSS3', 'PRSS33', 'PRSS37', 'PRSS42P', 'PRSS45P', 'PRSS48', 'PRSS54', 'PRSS56', 'PRSS57', 'PRSS58', 'PRSS8', 'PRTG', 'PRTN3', 'PSAP', 'PSAPL1', 'PSPN', 'PTGDS', 'PTH', 'PTHLH', 'PTN', 'PTPRG', 'PTPRR', 'PTX3', 'PVR', 'PXDN', 'PXDNL', 'PYY', 'PZP', 'QSOX1', 'QSOX2', 'R3HDML', 'RAB11FIP4', 'RAET1E', 'RAET1G', 'RAET1L', 'RALGAPA2', 'RAP1GDS1', 'RARRES1', 'RARRES2', 'RBBP8NL', 'RBMX', 'RBP3', 'RBP4', 'RDX', 'REG1A', 'REG1B', 'REG3A', 'REG3G', 'REG4', 'RELN', 'REN', 'RETN', 'RETNLB', 'RNASE2', 'RNASE3', 'RNASE4', 'RNASE6', 'RNASE7', 'RNASE8', 'RNASET2', 'RNLS', 'RNPEP', 'RPL39', 'RPS27A', 'RS1', 'RSPO1', 'RSPO2', 'RSPO3', 'RSPO4', 'RTN3', 'S100A11', 'S100A13', 'S100A14', 'S100A16', 'S100A4', 'S100A7', 'S100A8', 'S100A9', 'S100B', 'SAMD1', 'SCG2', 'SCGB1A1', 'SCGB1D1', 'SCGB1D2', 'SCGB1D4', 'SCGB2A1', 'SCGB2A2', 'SCGB3A1', 'SCGB3A2', 'SCRG1', 'SCT', 'SCUBE1', 'SCUBE2', 'SCUBE3', 'SDCBP', 'SECTM1', 'SELE', 'SELENBP1', 'SELENOP', 'SELL', 'SELP', 'SEMA3A', 'SEMA3C', 'SEMA3D', 'SEMA3E', 'SEMA3F', 'SEMA4C', 'SEMA4D', 'SEMG1', 'SEMG2', 'SERPINA1', 'SERPINA10', 'SERPINA11', 'SERPINA12', 'SERPINA13P', 'SERPINA2', 'SERPINA3', 'SERPINA4', 'SERPINA5', 'SERPINA6', 'SERPINA7', 'SERPINA9', 'SERPINB1', 'SERPINB10', 'SERPINB11', 'SERPINB12', 'SERPINB13', 'SERPINB2', 'SERPINB3', 'SERPINB4', 'SERPINB5', 'SERPINB6', 'SERPINB7', 'SERPINB8', 'SERPINB9', 'SERPINC1', 'SERPIND1', 'SERPINE1', 'SERPINE2', 'SERPINE3', 'SERPINF1', 'SERPINF2', 'SERPING1', 'SERPINH1', 'SERPINI1', 'SERPINI2', 'SFN', 'SFRP1', 'SFRP2', 'SFRP4', 'SFRP5', 'SFTA3', 'SFTPA1', 'SFTPA2', 'SFTPB', 'SFTPC', 'SFTPD', 'SH3BGRL', 'SHBG', 'SHH', 'SIAE', 'SIL1', 'SIPA1L3', 'SLIT1', 'SLIT2', 'SLIT3', 'SLPI', 'SLURP1', 'SLURP2', 'SMARCA4', 'SMOC1', 'SMOC2', 'SMPD1', 'SMPDL3A', 'SMPDL3B', 'SMR3B', 'SNCA', 'SOD1', 'SOD3', 'SORD', 'SORL1', 'SOST', 'SOSTDC1', 'SPARC', 'SPARCL1', 'SPINK1', 'SPINK7', 'SPINT1', 'SPN', 'SPOCK1', 'SPOCK2', 'SPOCK3', 'SPON1', 'SPON2', 'SPP1', 'SPTBN2', 'SPX', 'SRGN', 'SRPX2', 'SSC5D', 'SSH2', 'SSPOP', 'SST', 'ST14', 'STAG3', 'STATH', 'STC1', 'STC2', 'STOM', 'STX2', 'STX4', 'SULF1', 'SULF2', 'SUPT20HL2', 'SVEP1', 'TAC1', 'TAC3', 'TAC4', 'TACSTD2', 'TAFA1', 'TAFA2', 'TAFA3', 'TAFA4', 'TAFA5', 'TCN1', 'TCN2', 'TCTN1', 'TECTB', 'TF', 'TFF1', 'TFF2', 'TFF3', 'TFPI', 'TFPI2', 'TFRC', 'TG', 'TGFA', 'TGFB1', 'TGFB2', 'TGFB3', 'TGFBI', 'TGFBR2', 'TGFBR3', 'TGS1', 'THBS1', 'THBS4', 'THNSL2', 'THPO', 'TIMM8B', 'TIMP1', 'TIMP2', 'TIMP3', 'TIMP4', 'TINAG', 'TINAGL1', 'TLE2', 'TLL1', 'TLL2', 'TMC8', 'TMEM98', 'TMPRSS4', 'TMPRSS6', 'TNC', 'TNF', 'TNFAIP2', 'TNFAIP6', 'TNFRSF11B', 'TNFRSF1A', 'TNFRSF6B', 'TNFSF10', 'TNFSF11', 'TNFSF12', 'TNFSF13', 'TNFSF13B', 'TNFSF14', 'TNFSF15', 'TNFSF18', 'TNFSF4', 'TNFSF8', 'TNFSF9', 'TNN', 'TNR', 'TNXB', 'TPI1', 'TPO', 'TPSAB1', 'TPSB2', 'TPSD1', 'TPSG1', 'TPT1', 'TREM1', 'TRH', 'TRHDE', 'TRIM75', 'TSHB', 'TSKU', 'TSLP', 'TST', 'TTBK2', 'TTR', 'TUT4', 'TWSG1', 'UBA52', 'UBB', 'UBC', 'UBN2', 'UCN2', 'UCN3', 'ULBP1', 'ULBP2', 'ULBP3', 'UMOD', 'UMODL1', 'USPL1', 'UTP11', 'UTS2', 'VASH1', 'VASN', 'VCAM1', 'VCAN', 'VEGFA', 'VEGFB', 'VEGFC', 'VEGFD', 'VGF', 'VIP', 'VLDLR', 'VMO1', 'VSTM1', 'VTN', 'VWA1', 'VWA2', 'VWC2', 'VWC2L', 'VWF', 'WFDC1', 'WFDC10A', 'WFDC10B', 'WFDC11', 'WFDC12', 'WFDC13', 'WFDC2', 'WFDC3', 'WFDC5', 'WFDC9', 'WFIKKN1', 'WFIKKN2', 'WNT1', 'WNT10A', 'WNT10B', 'WNT11', 'WNT16', 'WNT2', 'WNT2B', 'WNT3', 'WNT3A', 'WNT4', 'WNT5A', 'WNT5B', 'WNT6', 'WNT7A', 'WNT7B', 'WNT8A', 'WNT8B', 'WNT9A', 'WNT9B', 'XCL1', 'XCL2', 'XDH', 'XYLT1', 'XYLT2', 'YARS1', 'YWHAZ', 'ZAN', 'ZBED3', 'ZFC3H1', 'ZG16', 'ZG16B', 'ZNF446', 'ZNF649', 'ZP3', 'ZPLD1', 'ZSWIM5']",MER106B,DNA
